[
  {
    "orderId": "ORD1641234567001",
    "employee": "john.smith@company.com",
    "vendor": "alice.vendor@company.com",
    "items": [
      {
        "name": "Coffee",
        "price": 30,
        "quantity": 2,
        "subtotal": 60
      }
    ],
    "totalAmount": 60,
    "totalItems": 2,
    "status": "completed",
    "pinVerified": true,
    "paymentStatus": "paid",
    "orderDate": "2024-01-10T14:30:00.000Z",
    "completedAt": "2024-01-10T14:35:00.000Z",
    "notes": "Regular morning coffee order"
  },
  {
    "orderId": "ORD1641234567002",
    "employee": "john.smith@company.com",
    "vendor": "alice.vendor@company.com",
    "items": [
      {
        "name": "Granola Bar",
        "price": 20,
        "quantity": 5,
        "subtotal": 100
      }
    ],
    "totalAmount": 100,
    "totalItems": 5,
    "status": "completed",
    "pinVerified": true,
    "paymentStatus": "paid",
    "orderDate": "2024-01-08T10:15:00.000Z",
    "completedAt": "2024-01-08T10:20:00.000Z",
    "notes": "Weekly snack stock-up"
  },
  {
    "orderId": "ORD1641234567003",
    "employee": "john.smith@company.com",
    "vendor": "alice.vendor@company.com",
    "items": [
      {
        "name": "Sandwich",
        "price": 80,
        "quantity": 2,
        "subtotal": 160
      }
    ],
    "totalAmount": 160,
    "totalItems": 2,
    "status": "completed",
    "pinVerified": true,
    "paymentStatus": "paid",
    "orderDate": "2024-01-05T12:45:00.000Z",
    "completedAt": "2024-01-05T12:50:00.000Z",
    "notes": "Lunch for team meeting"
  },
  {
    "orderId": "ORD1641234567004",
    "employee": "sarah.johnson@company.com",
    "vendor": "alice.vendor@company.com",
    "items": [
      {
        "name": "Yogurt",
        "price": 35,
        "quantity": 3,
        "subtotal": 105
      }
    ],
    "totalAmount": 105,
    "totalItems": 3,
    "status": "completed",
    "pinVerified": true,
    "paymentStatus": "paid",
    "orderDate": "2024-01-12T09:20:00.000Z",
    "completedAt": "2024-01-12T09:25:00.000Z",
    "notes": "Healthy breakfast option"
  },
  {
    "orderId": "ORD1641234567005",
    "employee": "sarah.johnson@company.com",
    "vendor": "alice.vendor@company.com",
    "items": [
      {
        "name": "Mixed Nuts",
        "price": 35,
        "quantity": 2,
        "subtotal": 70
      }
    ],
    "totalAmount": 70,
    "totalItems": 2,
    "status": "completed",
    "pinVerified": true,
    "paymentStatus": "paid",
    "orderDate": "2024-01-09T14:30:00.000Z",
    "completedAt": "2024-01-09T14:35:00.000Z",
    "notes": "Afternoon energy boost"
  },
  {
    "orderId": "ORD1641234567006",
    "employee": "michael.brown@company.com",
    "vendor": "alice.vendor@company.com",
    "items": [
      {
        "name": "Apple",
        "price": 15,
        "quantity": 4,
        "subtotal": 60
      }
    ],
    "totalAmount": 60,
    "totalItems": 4,
    "status": "completed",
    "pinVerified": true,
    "paymentStatus": "paid",
    "orderDate": "2024-01-08T11:15:00.000Z",
    "completedAt": "2024-01-08T11:20:00.000Z",
    "notes": "Healthy fruit snacks"
  },
  {
    "orderId": "ORD1641234567007",
    "employee": "michael.brown@company.com",
    "vendor": "alice.vendor@company.com",
    "items": [
      {
        "name": "Tea",
        "price": 25,
        "quantity": 1,
        "subtotal": 25
      }
    ],
    "totalAmount": 25,
    "totalItems": 1,
    "status": "completed",
    "pinVerified": true,
    "paymentStatus": "paid",
    "orderDate": "2024-01-05T16:45:00.000Z",
    "completedAt": "2024-01-05T16:50:00.000Z",
    "notes": "Afternoon tea break"
  },
  {
    "orderId": "ORD1641234567008",
    "employee": "emily.davis@company.com",
    "vendor": "alice.vendor@company.com",
    "items": [
      {
        "name": "Salad Bowl",
        "price": 90,
        "quantity": 1,
        "subtotal": 90
      }
    ],
    "totalAmount": 90,
    "totalItems": 1,
    "status": "completed",
    "pinVerified": true,
    "paymentStatus": "paid",
    "orderDate": "2024-01-10T13:30:00.000Z",
    "completedAt": "2024-01-10T13:35:00.000Z",
    "notes": "Healthy lunch choice"
  },
  {
    "orderId": "ORD1641234567009",
    "employee": "david.wilson@company.com",
    "vendor": "alice.vendor@company.com",
    "items": [
      {
        "name": "Pasta",
        "price": 120,
        "quantity": 2,
        "subtotal": 240
      }
    ],
    "totalAmount": 240,
    "totalItems": 2,
    "status": "completed",
    "pinVerified": true,
    "paymentStatus": "paid",
    "orderDate": "2024-01-18T12:15:00.000Z",
    "completedAt": "2024-01-18T12:20:00.000Z",
    "notes": "Executive lunch meeting"
  },
  {
    "orderId": "ORD1641234567010",
    "employee": "david.wilson@company.com",
    "vendor": "alice.vendor@company.com",
    "items": [
      {
        "name": "Orange Juice",
        "price": 40,
        "quantity": 2,
        "subtotal": 80
      }
    ],
    "totalAmount": 80,
    "totalItems": 2,
    "status": "completed",
    "pinVerified": true,
    "paymentStatus": "paid",
    "orderDate": "2024-01-15T10:30:00.000Z",
    "completedAt": "2024-01-15T10:35:00.000Z",
    "notes": "Morning refreshment"
  },
  {
    "orderId": "ORD1641234567011",
    "employee": "lisa.anderson@company.com",
    "vendor": "alice.vendor@company.com",
    "items": [
      {
        "name": "Croissant",
        "price": 45,
        "quantity": 2,
        "subtotal": 90
      }
    ],
    "totalAmount": 90,
    "totalItems": 2,
    "status": "completed",
    "pinVerified": true,
    "paymentStatus": "paid",
    "orderDate": "2024-01-20T08:45:00.000Z",
    "completedAt": "2024-01-20T08:50:00.000Z",
    "notes": "Design team breakfast"
  },
  {
    "orderId": "ORD1641234567012",
    "employee": "lisa.anderson@company.com",
    "vendor": "alice.vendor@company.com",
    "items": [
      {
        "name": "Mineral Water",
        "price": 20,
        "quantity": 4,
        "subtotal": 80
      }
    ],
    "totalAmount": 80,
    "totalItems": 4,
    "status": "completed",
    "pinVerified": true,
    "paymentStatus": "paid",
    "orderDate": "2024-01-18T15:20:00.000Z",
    "completedAt": "2024-01-18T15:25:00.000Z",
    "notes": "Daily hydration stock"
  },
  {
    "orderId": "ORD1641234567013",
    "employee": "james.taylor@company.com",
    "vendor": "alice.vendor@company.com",
    "items": [
      {
        "name": "Pizza Slice",
        "price": 70,
        "quantity": 1,
        "subtotal": 70
      }
    ],
    "totalAmount": 70,
    "totalItems": 1,
    "status": "completed",
    "pinVerified": true,
    "paymentStatus": "paid",
    "orderDate": "2024-01-14T12:30:00.000Z",
    "completedAt": "2024-01-14T12:35:00.000Z",
    "notes": "Quick lunch during deployment"
  },
  {
    "orderId": "ORD1641234567014",
    "employee": "amanda.martinez@company.com",
    "vendor": "alice.vendor@company.com",
    "items": [
      {
        "name": "Banana",
        "price": 12,
        "quantity": 3,
        "subtotal": 36
      }
    ],
    "totalAmount": 36,
    "totalItems": 3,
    "status": "completed",
    "pinVerified": true,
    "paymentStatus": "paid",
    "orderDate": "2024-01-06T11:15:00.000Z",
    "completedAt": "2024-01-06T11:20:00.000Z",
    "notes": "Pre-workout fuel"
  },
  {
    "orderId": "ORD1707890123001",
    "employee": "john.smith@company.com",
    "vendor": "alice.vendor@company.com",
    "items": [
      {
        "name": "Grilled Chicken Bowl",
        "price": 140,
        "quantity": 1,
        "subtotal": 140
      }
    ],
    "totalAmount": 140,
    "totalItems": 1,
    "status": "pending",
    "pinVerified": false,
    "paymentStatus": "pending",
    "orderDate": "2024-01-25T13:15:00.000Z",
    "notes": "Current pending order"
  }
] 