[
  {
    "paymentId": "PAY1641234567001",
    "employee": "john.smith@company.com",
    "amount": 500,
    "paymentMethod": "net_banking",
    "bankDetails": {
      "bankCode": "SBI",
      "bankName": "State Bank of India",
      "accountNumber": "****1234",
      "ifscCode": "SBIN0001234"
    },
    "status": "completed",
    "transactionDate": "2024-01-01T10:30:00.000Z",
    "completedAt": "2024-01-01T10:32:00.000Z",
    "description": "Monthly budget top-up - January 2024",
    "metadata": {
      "ipAddress": "192.168.1.100",
      "userAgent": "Mozilla/5.0 (Windows NT 10.0; Win64; x64)",
      "sessionId": "sess_john_jan2024"
    }
  },
  {
    "paymentId": "PAY1641234567002", 
    "employee": "sarah.johnson@company.com",
    "amount": 400,
    "paymentMethod": "card",
    "status": "completed",
    "transactionDate": "2024-01-01T14:15:00.000Z",
    "completedAt": "2024-01-01T14:16:00.000Z",
    "description": "Monthly budget top-up - January 2024",
    "metadata": {
      "ipAddress": "192.168.1.101",
      "userAgent": "Mozilla/5.0 (MacOS)",
      "sessionId": "sess_sarah_jan2024"
    }
  },
  {
    "paymentId": "PAY1641234567003",
    "employee": "michael.brown@company.com", 
    "amount": 300,
    "paymentMethod": "net_banking",
    "bankDetails": {
      "bankCode": "HDFC",
      "bankName": "HDFC Bank",
      "accountNumber": "****5678",
      "ifscCode": "HDFC0001234"
    },
    "status": "completed",
    "transactionDate": "2024-01-02T09:45:00.000Z",
    "completedAt": "2024-01-02T09:47:00.000Z",
    "description": "Monthly budget top-up - January 2024",
    "metadata": {
      "ipAddress": "192.168.1.102",
      "userAgent": "Mozilla/5.0 (Linux)",
      "sessionId": "sess_michael_jan2024"
    }
  },
  {
    "paymentId": "PAY1641234567004",
    "employee": "emily.davis@company.com",
    "amount": 350,
    "paymentMethod": "razorpay",
    "razorpayOrderId": "order_123456789",
    "razorpayPaymentId": "pay_987654321",
    "status": "completed",
    "transactionDate": "2024-01-03T11:20:00.000Z",
    "completedAt": "2024-01-03T11:21:00.000Z",
    "description": "Monthly budget top-up - January 2024",
    "metadata": {
      "ipAddress": "192.168.1.103",
      "userAgent": "Mozilla/5.0 (iPhone)",
      "sessionId": "sess_emily_jan2024"
    }
  },
  {
    "paymentId": "PAY1641234567005",
    "employee": "david.wilson@company.com",
    "amount": 600,
    "paymentMethod": "net_banking",
    "bankDetails": {
      "bankCode": "ICICI",
      "bankName": "ICICI Bank",
      "accountNumber": "****9012",
      "ifscCode": "ICIC0001234"
    },
    "status": "completed",
    "transactionDate": "2024-01-04T16:30:00.000Z",
    "completedAt": "2024-01-04T16:32:00.000Z",
    "description": "Monthly budget top-up - January 2024",
    "metadata": {
      "ipAddress": "192.168.1.104",
      "userAgent": "Mozilla/5.0 (Windows NT 10.0)",
      "sessionId": "sess_david_jan2024"
    }
  },
  {
    "paymentId": "PAY1641234567006",
    "employee": "lisa.anderson@company.com",
    "amount": 450,
    "paymentMethod": "wallet",
    "status": "completed",
    "transactionDate": "2024-01-05T12:15:00.000Z",
    "completedAt": "2024-01-05T12:16:00.000Z",
    "description": "Monthly budget top-up - January 2024",
    "metadata": {
      "ipAddress": "192.168.1.105",
      "userAgent": "Mozilla/5.0 (MacOS)",
      "sessionId": "sess_lisa_jan2024"
    }
  },
  {
    "paymentId": "PAY1641234567007",
    "employee": "james.taylor@company.com",
    "amount": 380,
    "paymentMethod": "razorpay",
    "razorpayOrderId": "order_234567890",
    "razorpayPaymentId": "pay_876543210",
    "status": "completed",
    "transactionDate": "2024-01-06T08:45:00.000Z",
    "completedAt": "2024-01-06T08:46:00.000Z",
    "description": "Monthly budget top-up - January 2024",
    "metadata": {
      "ipAddress": "192.168.1.106",
      "userAgent": "Mozilla/5.0 (Linux)",
      "sessionId": "sess_james_jan2024"
    }
  },
  {
    "paymentId": "PAY1641234567008",
    "employee": "amanda.martinez@company.com",
    "amount": 280,
    "paymentMethod": "card",
    "status": "completed",
    "transactionDate": "2024-01-07T13:20:00.000Z",
    "completedAt": "2024-01-07T13:21:00.000Z",
    "description": "Monthly budget top-up - January 2024",
    "metadata": {
      "ipAddress": "192.168.1.107",
      "userAgent": "Mozilla/5.0 (Android)",
      "sessionId": "sess_amanda_jan2024"
    }
  },
  {
    "paymentId": "PAY1707890123001",
    "employee": "john.smith@company.com",
    "amount": 200,
    "paymentMethod": "net_banking",
    "bankDetails": {
      "bankCode": "SBI",
      "bankName": "State Bank of India",
      "accountNumber": "****1234",
      "ifscCode": "SBIN0001234"
    },
    "status": "completed",
    "transactionDate": "2024-01-20T15:30:00.000Z",
    "completedAt": "2024-01-20T15:32:00.000Z",
    "description": "Mid-month budget top-up",
    "metadata": {
      "ipAddress": "192.168.1.100",
      "userAgent": "Mozilla/5.0 (Windows NT 10.0; Win64; x64)",
      "sessionId": "sess_john_mid_jan"
    }
  },
  {
    "paymentId": "PAY1707890123002",
    "employee": "david.wilson@company.com",
    "amount": 100,
    "paymentMethod": "razorpay",
    "razorpayOrderId": "order_345678901",
    "razorpayPaymentId": "pay_765432109",
    "status": "failed",
    "transactionDate": "2024-01-22T10:15:00.000Z",
    "description": "Additional budget top-up - Failed transaction",
    "metadata": {
      "ipAddress": "192.168.1.104",
      "userAgent": "Mozilla/5.0 (Windows NT 10.0)",
      "sessionId": "sess_david_failed"
    }
  },
  {
    "paymentId": "PAY1707890123003",
    "employee": "lisa.anderson@company.com",
    "amount": 150,
    "paymentMethod": "net_banking",
    "bankDetails": {
      "bankCode": "AXIS",
      "bankName": "Axis Bank",
      "accountNumber": "****3456",
      "ifscCode": "UTIB0001234"
    },
    "status": "processing",
    "transactionDate": "2024-01-25T14:45:00.000Z",
    "description": "Additional budget top-up - In progress",
    "metadata": {
      "ipAddress": "192.168.1.105",
      "userAgent": "Mozilla/5.0 (MacOS)",
      "sessionId": "sess_lisa_processing"
    }
  }
] 