[
  {
    "employeeId": "EMP001",
    "email": "john.smith@company.com",
    "password": "password123",
    "firstName": "John",
    "lastName": "Smith",
    "userType": "employee",
    "department": "Engineering",
    "position": "Senior Software Engineer",
    "contactNumber": "+1-555-0123",
    "location": "New York, NY",
    "isActive": true,
    "secretPin": "1234",
    "pantryBudget": {
      "monthlyLimit": 500,
      "currentSpent": 250,
      "lastUpdated": "2024-01-15T00:00:00.000Z"
    },
    "purchaseHistory": [
      {
        "id": "p1641234567001",
        "productName": "Coffee Beans",
        "category": "Beverages", 
        "price": 30,
        "quantity": 2,
        "unit": "bag",
        "month": "2024-01",
        "purchaseDate": "2024-01-10T14:30:00.000Z",
        "vendorName": "Alice Vendor",
        "orderId": "ORD1641234567001"
      },
      {
        "id": "p1641234567002",
        "productName": "Granola Bar",
        "category": "Snacks",
        "price": 20,
        "quantity": 5,
        "unit": "bars",
        "month": "2024-01",
        "purchaseDate": "2024-01-08T10:15:00.000Z",
        "vendorName": "Alice Vendor",
        "orderId": "ORD1641234567002"
      },
      {
        "id": "p1641234567003",
        "productName": "Sandwich",
        "category": "Meals",
        "price": 80,
        "quantity": 2,
        "unit": "pieces",
        "month": "2024-01",
        "purchaseDate": "2024-01-05T12:45:00.000Z",
        "vendorName": "Alice Vendor",
        "orderId": "ORD1641234567003"
      }
    ]
  },
  {
    "employeeId": "EMP002",
    "email": "sarah.johnson@company.com",
    "password": "password123",
    "firstName": "Sarah",
    "lastName": "Johnson",
    "userType": "employee",
    "department": "Marketing",
    "position": "Marketing Manager",
    "contactNumber": "+1-555-0124",
    "location": "Los Angeles, CA",
    "isActive": true,
    "secretPin": "5678",
    "pantryBudget": {
      "monthlyLimit": 400,
      "currentSpent": 150,
      "lastUpdated": "2024-01-12T00:00:00.000Z"
    },
    "purchaseHistory": [
      {
        "id": "p1641234567004",
        "productName": "Greek Yogurt",
        "category": "Dairy",
        "price": 35,
        "quantity": 3,
        "unit": "cups",
        "month": "2024-01",
        "purchaseDate": "2024-01-12T09:20:00.000Z",
        "vendorName": "Alice Vendor",
        "orderId": "ORD1641234567004"
      },
      {
        "id": "p1641234567005",
        "productName": "Mixed Nuts",
        "category": "Snacks",
        "price": 35,
        "quantity": 2,
        "unit": "packs",
        "month": "2024-01",
        "purchaseDate": "2024-01-09T14:30:00.000Z",
        "vendorName": "Alice Vendor",
        "orderId": "ORD1641234567005"
      }
    ]
  },
  {
    "employeeId": "EMP003",
    "email": "michael.brown@company.com",
    "password": "password123",
    "firstName": "Michael",
    "lastName": "Brown",
    "userType": "employee",
    "department": "Finance",
    "position": "Financial Analyst",
    "contactNumber": "+1-555-0125",
    "location": "Chicago, IL",
    "isActive": true,
    "secretPin": "9012",
    "pantryBudget": {
      "monthlyLimit": 300,
      "currentSpent": 100,
      "lastUpdated": "2024-01-08T00:00:00.000Z"
    },
    "purchaseHistory": [
      {
        "id": "p1641234567006",
        "productName": "Apple",
        "category": "Fruits",
        "price": 15,
        "quantity": 4,
        "unit": "pieces",
        "month": "2024-01",
        "purchaseDate": "2024-01-08T11:15:00.000Z",
        "vendorName": "Alice Vendor",
        "orderId": "ORD1641234567006"
      },
      {
        "id": "p1641234567007",
        "productName": "Tea",
        "category": "Beverages",
        "price": 25,
        "quantity": 1,
        "unit": "box",
        "month": "2024-01",
        "purchaseDate": "2024-01-05T16:45:00.000Z",
        "vendorName": "Alice Vendor",
        "orderId": "ORD1641234567007"
      }
    ]
  },
  {
    "employeeId": "EMP004",
    "email": "emily.davis@company.com",
    "password": "password123",
    "firstName": "Emily",
    "lastName": "Davis",
    "userType": "employee",
    "department": "Human Resources",
    "position": "HR Specialist",
    "contactNumber": "+1-555-0126",
    "location": "Austin, TX",
    "isActive": true,
    "secretPin": "3456",
    "pantryBudget": {
      "monthlyLimit": 350,
      "currentSpent": 75,
      "lastUpdated": "2024-01-10T00:00:00.000Z"
    },
    "purchaseHistory": [
      {
        "id": "p1641234567008",
        "productName": "Salad Bowl",
        "category": "Meals",
        "price": 90,
        "quantity": 1,
        "unit": "bowl",
        "month": "2024-01",
        "purchaseDate": "2024-01-10T13:30:00.000Z",
        "vendorName": "Alice Vendor",
        "orderId": "ORD1641234567008"
      }
    ]
  },
  {
    "employeeId": "EMP005",
    "email": "david.wilson@company.com",
    "password": "password123",
    "firstName": "David",
    "lastName": "Wilson",
    "userType": "employee",
    "department": "Finance",
    "position": "Finance Director",
    "contactNumber": "+1-555-0127",
    "location": "New York, NY",
    "isActive": true,
    "secretPin": "7890",
    "pantryBudget": {
      "monthlyLimit": 600,
      "currentSpent": 320,
      "lastUpdated": "2024-01-18T00:00:00.000Z"
    },
    "purchaseHistory": [
      {
        "id": "p1641234567009",
        "productName": "Pasta",
        "category": "Meals",
        "price": 120,
        "quantity": 2,
        "unit": "plates",
        "month": "2024-01",
        "purchaseDate": "2024-01-18T12:15:00.000Z",
        "vendorName": "Alice Vendor",
        "orderId": "ORD1641234567009"
      },
      {
        "id": "p1641234567010",
        "productName": "Orange Juice",
        "category": "Beverages",
        "price": 40,
        "quantity": 2,
        "unit": "bottles",
        "month": "2024-01",
        "purchaseDate": "2024-01-15T10:30:00.000Z",
        "vendorName": "Alice Vendor",
        "orderId": "ORD1641234567010"
      }
    ]
  },
  {
    "employeeId": "EMP006",
    "email": "lisa.anderson@company.com",
    "password": "password123",
    "firstName": "Lisa",
    "lastName": "Anderson",
    "userType": "employee",
    "department": "Design",
    "position": "UI/UX Designer",
    "contactNumber": "+1-555-0128",
    "location": "San Francisco, CA",
    "isActive": true,
    "secretPin": "2468",
    "pantryBudget": {
      "monthlyLimit": 450,
      "currentSpent": 180,
      "lastUpdated": "2024-01-20T00:00:00.000Z"
    },
    "purchaseHistory": [
      {
        "id": "p1641234567011",
        "productName": "Croissant",
        "category": "Bakery",
        "price": 45,
        "quantity": 2,
        "unit": "pieces",
        "month": "2024-01",
        "purchaseDate": "2024-01-20T08:45:00.000Z",
        "vendorName": "Alice Vendor",
        "orderId": "ORD1641234567011"
      },
      {
        "id": "p1641234567012",
        "productName": "Mineral Water",
        "category": "Beverages",
        "price": 20,
        "quantity": 4,
        "unit": "bottles",
        "month": "2024-01",
        "purchaseDate": "2024-01-18T15:20:00.000Z",
        "vendorName": "Alice Vendor",
        "orderId": "ORD1641234567012"
      }
    ]
  },
  {
    "employeeId": "EMP007",
    "email": "james.taylor@company.com",
    "password": "password123",
    "firstName": "James",
    "lastName": "Taylor",
    "userType": "employee",
    "department": "Engineering",
    "position": "DevOps Engineer",
    "contactNumber": "+1-555-0129",
    "location": "Seattle, WA",
    "isActive": true,
    "secretPin": "1357",
    "pantryBudget": {
      "monthlyLimit": 380,
      "currentSpent": 95,
      "lastUpdated": "2024-01-14T00:00:00.000Z"
    },
    "purchaseHistory": [
      {
        "id": "p1641234567013",
        "productName": "Pizza Slice",
        "category": "Meals",
        "price": 70,
        "quantity": 1,
        "unit": "slice",
        "month": "2024-01",
        "purchaseDate": "2024-01-14T12:30:00.000Z",
        "vendorName": "Alice Vendor",
        "orderId": "ORD1641234567013"
      }
    ]
  },
  {
    "employeeId": "EMP008",
    "email": "amanda.martinez@company.com",
    "password": "password123",
    "firstName": "Amanda",
    "lastName": "Martinez",
    "userType": "employee",
    "department": "Sales",
    "position": "Sales Representative",
    "contactNumber": "+1-555-0130",
    "location": "Miami, FL",
    "isActive": true,
    "secretPin": "9753",
    "pantryBudget": {
      "monthlyLimit": 280,
      "currentSpent": 45,
      "lastUpdated": "2024-01-06T00:00:00.000Z"
    },
    "purchaseHistory": [
      {
        "id": "p1641234567014",
        "productName": "Banana",
        "category": "Fruits",
        "price": 12,
        "quantity": 3,
        "unit": "pieces",
        "month": "2024-01",
        "purchaseDate": "2024-01-06T11:15:00.000Z",
        "vendorName": "Alice Vendor",
        "orderId": "ORD1641234567014"
      }
    ]
  },
  {
    "employeeId": "VEN001",
    "email": "alice.vendor@company.com",
    "password": "vendor123",
    "firstName": "Alice",
    "lastName": "Vendor",
    "userType": "vendor",
    "contactNumber": "+1-555-0200",
    "location": "Kitchen - Main Office",
    "isActive": true,
    "pantryBudget": {
      "monthlyLimit": 0,
      "currentSpent": 0,
      "lastUpdated": "2024-01-01T00:00:00.000Z"
    },
    "purchaseHistory": []
  },
  {
    "employeeId": "VEN002",
    "email": "bob.martinez@company.com",
    "password": "vendor123",
    "firstName": "Bob",
    "lastName": "Martinez",
    "userType": "vendor",
    "contactNumber": "+1-555-0201",
    "location": "Kitchen - West Wing",
    "isActive": true,
    "pantryBudget": {
      "monthlyLimit": 0,
      "currentSpent": 0,
      "lastUpdated": "2024-01-01T00:00:00.000Z"
    },
    "purchaseHistory": []
  },
  {
    "employeeId": "ADM001",
    "email": "admin@dinetech.com",
    "password": "admin123",
    "firstName": "System",
    "lastName": "Administrator",
    "userType": "admin",
    "contactNumber": "+1-555-0100",
    "location": "Head Office",
    "isActive": true,
    "pantryBudget": {
      "monthlyLimit": 1000,
      "currentSpent": 0,
      "lastUpdated": "2024-01-01T00:00:00.000Z"
    },
    "purchaseHistory": []
  }
] 